{"cameraMode":{"drawMode":0,"name":"Shaded","section":"Shading Mode"},"sceneLighting":true,"audioPlay":false,"sceneViewState":{"showFog":true,"showMaterialUpdate":true,"showSkybox":true,"showFlares":true,"showImageEffects":true,"showParticleSystems":true},"in2DMode":false,"pivot":{"x":3.069999933242798,"y":1.149999976158142,"z":0.5499999523162842},"rotation":{"x":0.12326442450284958,"y":0.6661761999130249,"z":-0.11298400908708573,"w":0.7268079519271851},"size":14.59352970123291,"orthographic":false}