{"cameraMode":{"drawMode":0,"name":"Shaded","section":"Shading Mode"},"sceneLighting":false,"audioPlay":false,"sceneViewState":{"showFog":true,"showMaterialUpdate":true,"showSkybox":true,"showFlares":true,"showImageEffects":true,"showParticleSystems":true},"in2DMode":false,"pivot":{"x":3.069999933242798,"y":1.149999976158142,"z":0.5499999523162842},"rotation":{"x":0.04004140943288803,"y":0.586726188659668,"z":-0.029067620635032655,"w":0.8082723021507263},"size":1.0519423484802247,"orthographic":false}