{"cameraMode":{"drawMode":0,"name":"Shaded","section":"Shading Mode"},"sceneLighting":false,"audioPlay":false,"sceneViewState":{"showFog":true,"showMaterialUpdate":true,"showSkybox":true,"showFlares":true,"showImageEffects":true,"showParticleSystems":true},"in2DMode":false,"pivot":{"x":0.2200000286102295,"y":-0.5199999809265137,"z":1.0700000524520875},"rotation":{"x":0.21772868931293488,"y":0.6589377522468567,"z":-0.20819266140460969,"w":0.6892395615577698},"size":4.514130115509033,"orthographic":false}