{"cameraMode":{"drawMode":0,"name":"Shaded","section":"Shading Mode"},"sceneLighting":true,"audioPlay":false,"sceneViewState":{"showFog":true,"showMaterialUpdate":true,"showSkybox":true,"showFlares":true,"showImageEffects":true,"showParticleSystems":true},"in2DMode":false,"pivot":{"x":-5.337039947509766,"y":-1.220015287399292,"z":1.571159839630127},"rotation":{"x":0.5248919725418091,"y":0.3041527271270752,"z":-0.20811113715171815,"w":0.7672479152679443},"size":11.29946231842041,"orthographic":false}