{"cameraMode":{"drawMode":0,"name":"Shaded","section":"Shading Mode"},"sceneLighting":true,"audioPlay":false,"sceneViewState":{"showFog":true,"showMaterialUpdate":true,"showSkybox":true,"showFlares":true,"showImageEffects":true,"showParticleSystems":true},"in2DMode":false,"pivot":{"x":3.069999933242798,"y":1.149999976158142,"z":0.550000011920929},"rotation":{"x":0.16572962701320649,"y":0.6716088056564331,"z":-0.15796302258968354,"w":0.7046439051628113},"size":16.360851287841798,"orthographic":false}