{"cameraMode":{"drawMode":0,"name":"Shaded","section":"Shading Mode"},"sceneLighting":true,"audioPlay":false,"sceneViewState":{"showFog":true,"showMaterialUpdate":true,"showSkybox":true,"showFlares":true,"showImageEffects":true,"showParticleSystems":true},"in2DMode":false,"pivot":{"x":-0.30000001192092898,"y":-0.39000004529953005,"z":3.5199999809265138},"rotation":{"x":-0.1930328607559204,"y":-0.3982848823070526,"z":0.08617021143436432,"w":-0.8925706148147583},"size":16.864585876464845,"orthographic":false}