{"cameraMode":{"drawMode":0,"name":"Shaded","section":"Shading Mode"},"sceneLighting":true,"audioPlay":false,"sceneViewState":{"showFog":true,"showMaterialUpdate":true,"showSkybox":true,"showFlares":true,"showImageEffects":true,"showParticleSystems":true},"in2DMode":false,"pivot":{"x":3.069999933242798,"y":1.149999976158142,"z":0.5499999523162842},"rotation":{"x":0.02235274575650692,"y":0.6664944887161255,"z":-0.020002290606498719,"w":0.7449062466621399},"size":11.204081535339356,"orthographic":false}