{"cameraMode":{"drawMode":0,"name":"Shaded","section":"Shading Mode"},"sceneLighting":true,"audioPlay":false,"sceneViewState":{"showFog":true,"showMaterialUpdate":true,"showSkybox":true,"showFlares":true,"showImageEffects":true,"showParticleSystems":true},"in2DMode":false,"pivot":{"x":0.09050178527832031,"y":0.011868715286254883,"z":0.0},"rotation":{"x":0.29962724447250368,"y":0.6485311985015869,"z":-0.3096868693828583,"w":0.6274749636650086},"size":7.142451286315918,"orthographic":false}