{"cameraMode":{"drawMode":0,"name":"Shaded","section":"Shading Mode"},"sceneLighting":false,"audioPlay":false,"sceneViewState":{"showFog":true,"showMaterialUpdate":true,"showSkybox":true,"showFlares":true,"showImageEffects":true,"showParticleSystems":true},"in2DMode":false,"pivot":{"x":50.959999084472659,"y":-20.540000915527345,"z":5.688759803771973},"rotation":{"x":0.08253338187932968,"y":0.6627147197723389,"z":-0.07388394325971604,"w":0.740634024143219},"size":1464.192626953125,"orthographic":false}