{"cameraMode":{"drawMode":0,"name":"Shaded","section":"Shading Mode"},"sceneLighting":true,"audioPlay":false,"sceneViewState":{"showFog":true,"showMaterialUpdate":true,"showSkybox":true,"showFlares":true,"showImageEffects":true,"showParticleSystems":true},"in2DMode":false,"pivot":{"x":0.05000004172325134,"y":0.08000001311302185,"z":-1.3799999952316285},"rotation":{"x":0.2535887658596039,"y":0.6165075302124023,"z":-0.21947062015533448,"w":0.7123509645462036},"size":10.168261528015137,"orthographic":false}