{"cameraMode":{"drawMode":0,"name":"Shaded","section":"Shading Mode"},"sceneLighting":true,"audioPlay":false,"sceneViewState":{"showFog":true,"showMaterialUpdate":true,"showSkybox":true,"showFlares":true,"showImageEffects":true,"showParticleSystems":true},"in2DMode":false,"pivot":{"x":3.070000410079956,"y":1.1499998569488526,"z":5.688759803771973},"rotation":{"x":0.17638349533081056,"y":0.6148979663848877,"z":-0.14367015659809113,"w":0.7550815939903259},"size":20.808732986450197,"orthographic":false}