{"cameraMode":{"drawMode":0,"name":"Shaded","section":"Shading Mode"},"sceneLighting":true,"audioPlay":false,"sceneViewState":{"showFog":true,"showMaterialUpdate":true,"showSkybox":true,"showFlares":true,"showImageEffects":true,"showParticleSystems":true},"in2DMode":false,"pivot":{"x":-6.212825298309326,"y":-2.121922016143799,"z":-0.5343372821807861},"rotation":{"x":-0.3039751648902893,"y":-0.6106764674186707,"z":0.2738349139690399,"w":-0.6780028343200684},"size":20.05560302734375,"orthographic":false}