{"cameraMode":{"drawMode":0,"name":"Shaded","section":"Shading Mode"},"sceneLighting":false,"audioPlay":false,"sceneViewState":{"showFog":true,"showMaterialUpdate":true,"showSkybox":true,"showFlares":true,"showImageEffects":true,"showParticleSystems":true},"in2DMode":false,"pivot":{"x":2.4970145225524904,"y":0.2471901774406433,"z":8.399999618530274},"rotation":{"x":0.14036564528942109,"y":0.6527421474456787,"z":-0.12488175928592682,"w":0.7339140176773071},"size":1.4015343189239503,"orthographic":false}