{"cameraMode":{"drawMode":0,"name":"Shaded","section":"Shading Mode"},"sceneLighting":false,"audioPlay":false,"sceneViewState":{"showFog":true,"showMaterialUpdate":true,"showSkybox":true,"showFlares":true,"showImageEffects":true,"showParticleSystems":true},"in2DMode":false,"pivot":{"x":-1.9600000381469727,"y":-0.3199999928474426,"z":0.550000011920929},"rotation":{"x":0.17083008587360383,"y":0.6754144430160523,"z":-0.1652866154909134,"w":0.698077917098999},"size":1.5792609453201295,"orthographic":false}