{"cameraMode":{"drawMode":0,"name":"Shaded","section":"Shading Mode"},"sceneLighting":true,"audioPlay":false,"sceneViewState":{"showFog":true,"showMaterialUpdate":true,"showSkybox":true,"showFlares":true,"showImageEffects":true,"showParticleSystems":true},"in2DMode":false,"pivot":{"x":3.069999933242798,"y":1.149999976158142,"z":0.550000011920929},"rotation":{"x":0.08749296516180039,"y":0.733927309513092,"z":-0.09632635861635208,"w":0.6666460633277893},"size":15.20119571685791,"orthographic":false}