{"cameraMode":{"drawMode":0,"name":"Shaded","section":"Shading Mode"},"sceneLighting":true,"audioPlay":false,"sceneViewState":{"showFog":true,"showMaterialUpdate":true,"showSkybox":true,"showFlares":true,"showImageEffects":true,"showParticleSystems":true},"in2DMode":false,"pivot":{"x":3.069999933242798,"y":1.149999976158142,"z":0.5499999523162842},"rotation":{"x":0.13091641664505006,"y":0.613323986530304,"z":-0.10402049124240875,"w":0.7719290256500244},"size":15.94780445098877,"orthographic":false}