{"cameraMode":{"drawMode":0,"name":"Shaded","section":"Shading Mode"},"sceneLighting":true,"audioPlay":false,"sceneViewState":{"showFog":true,"showMaterialUpdate":true,"showSkybox":true,"showFlares":true,"showImageEffects":true,"showParticleSystems":true},"in2DMode":false,"pivot":{"x":3.070000410079956,"y":1.1499998569488526,"z":5.688759803771973},"rotation":{"x":0.04623812437057495,"y":0.5828777551651001,"z":-0.03328023850917816,"w":0.8105602860450745},"size":15.164763450622559,"orthographic":false}