{"cameraMode":{"drawMode":0,"name":"Shaded","section":"Shading Mode"},"sceneLighting":true,"audioPlay":false,"sceneViewState":{"showFog":true,"showMaterialUpdate":true,"showSkybox":true,"showFlares":true,"showImageEffects":true,"showParticleSystems":true},"in2DMode":false,"pivot":{"x":3.070000410079956,"y":1.1499998569488526,"z":5.688759803771973},"rotation":{"x":0.13189466297626496,"y":0.6773660778999329,"z":-0.12538301944732667,"w":0.7127819061279297},"size":18.019311904907228,"orthographic":false}