{"cameraMode":{"drawMode":0,"name":"Shaded","section":"Shading Mode"},"sceneLighting":true,"audioPlay":false,"sceneViewState":{"showFog":true,"showMaterialUpdate":true,"showSkybox":true,"showFlares":true,"showImageEffects":true,"showParticleSystems":true},"in2DMode":false,"pivot":{"x":3.070000410079956,"y":1.1499998569488526,"z":5.688759803771973},"rotation":{"x":0.19633913040161134,"y":0.6022221446037293,"z":-0.15604068338871003,"w":0.7579121589660645},"size":18.540925979614259,"orthographic":false}