{"cameraMode":{"drawMode":0,"name":"Shaded","section":"Shading Mode"},"sceneLighting":true,"audioPlay":false,"sceneViewState":{"showFog":true,"showMaterialUpdate":true,"showSkybox":true,"showFlares":true,"showImageEffects":true,"showParticleSystems":true},"in2DMode":false,"pivot":{"x":3.069999933242798,"y":1.149999976158142,"z":0.550000011920929},"rotation":{"x":0.17083008587360383,"y":0.6754144430160523,"z":-0.1652866154909134,"w":0.698077917098999},"size":14.601195335388184,"orthographic":false}