{"cameraMode":{"drawMode":0,"name":"Shaded","section":"Shading Mode"},"sceneLighting":false,"audioPlay":false,"sceneViewState":{"showFog":true,"showMaterialUpdate":true,"showSkybox":true,"showFlares":true,"showImageEffects":true,"showParticleSystems":true},"in2DMode":false,"pivot":{"x":1.7100000381469727,"y":0.9300000071525574,"z":-3.8399999141693117},"rotation":{"x":0.11821901053190232,"y":-0.00804405752569437,"z":0.0009553583222441375,"w":0.9929544925689697},"size":-3.4586236476898195,"orthographic":false}