{"cameraMode":{"drawMode":0,"name":"Shaded","section":"Shading Mode"},"sceneLighting":true,"audioPlay":false,"sceneViewState":{"showFog":true,"showMaterialUpdate":true,"showSkybox":true,"showFlares":true,"showImageEffects":true,"showParticleSystems":true},"in2DMode":false,"pivot":{"x":3.070000410079956,"y":1.1499998569488526,"z":5.688759803771973},"rotation":{"x":0.3078557848930359,"y":0.5493836998939514,"z":-0.22778213024139405,"w":0.7426424026489258},"size":20.14932632446289,"orthographic":false}