{"cameraMode":{"drawMode":0,"name":"Shaded","section":"Shading Mode"},"sceneLighting":true,"audioPlay":false,"sceneViewState":{"showFog":true,"showMaterialUpdate":true,"showSkybox":true,"showFlares":true,"showImageEffects":true,"showParticleSystems":true},"in2DMode":false,"pivot":{"x":0.5644509792327881,"y":0.4318886995315552,"z":-0.9039662480354309},"rotation":{"x":0.28023529052734377,"y":0.691585123538971,"z":-0.3379368484020233,"w":0.5735650062561035},"size":16.67727279663086,"orthographic":false}