{"cameraMode":{"drawMode":0,"name":"Shaded","section":"Shading Mode"},"sceneLighting":true,"audioPlay":false,"sceneViewState":{"showFog":true,"showMaterialUpdate":true,"showSkybox":true,"showFlares":true,"showImageEffects":true,"showParticleSystems":true},"in2DMode":false,"pivot":{"x":0.6014471650123596,"y":0.1248643547296524,"z":2.9724435806274416},"rotation":{"x":-0.186287984251976,"y":-0.6088129281997681,"z":0.14997972548007966,"w":-0.756405770778656},"size":9.105035781860352,"orthographic":true}