{"cameraMode":{"drawMode":0,"name":"Shaded","section":"Shading Mode"},"sceneLighting":true,"audioPlay":false,"sceneViewState":{"showFog":true,"showMaterialUpdate":true,"showSkybox":true,"showFlares":true,"showImageEffects":true,"showParticleSystems":true},"in2DMode":false,"pivot":{"x":3.069999933242798,"y":1.149999976158142,"z":0.5499999523162842},"rotation":{"x":0.11164692789316178,"y":0.8746214509010315,"z":-0.24064773321151734,"w":0.40578439831733706},"size":13.077913284301758,"orthographic":false}