{"cameraMode":{"drawMode":0,"name":"Shaded","section":"Shading Mode"},"sceneLighting":false,"audioPlay":false,"sceneViewState":{"showFog":true,"showMaterialUpdate":true,"showSkybox":true,"showFlares":true,"showImageEffects":true,"showParticleSystems":true},"in2DMode":false,"pivot":{"x":1.7100000381469727,"y":0.9300000071525574,"z":-3.8399999141693117},"rotation":{"x":0.11164692789316178,"y":0.8746214509010315,"z":-0.24064773321151734,"w":0.40578439831733706},"size":1.3413761854171754,"orthographic":false}