{"cameraMode":{"drawMode":0,"name":"Shaded","section":"Shading Mode"},"sceneLighting":true,"audioPlay":false,"sceneViewState":{"showFog":true,"showMaterialUpdate":true,"showSkybox":true,"showFlares":true,"showImageEffects":true,"showParticleSystems":true},"in2DMode":false,"pivot":{"x":-4.123358249664307,"y":0.3725859224796295,"z":2.226240634918213},"rotation":{"x":0.07575978338718414,"y":0.8190008401870728,"z":-0.11124297231435776,"w":0.5577840805053711},"size":5.807612419128418,"orthographic":false}