{"cameraMode":{"drawMode":0,"name":"Shaded","section":"Shading Mode"},"sceneLighting":true,"audioPlay":false,"sceneViewState":{"showFog":true,"showMaterialUpdate":true,"showSkybox":true,"showFlares":true,"showImageEffects":true,"showParticleSystems":true},"in2DMode":false,"pivot":{"x":0.7131574153900147,"y":0.5434256792068481,"z":-1.677734375},"rotation":{"x":0.2527352273464203,"y":-0.6445531249046326,"z":0.23931251466274262,"w":0.680739164352417},"size":11.168766021728516,"orthographic":true}