{"cameraMode":{"drawMode":0,"name":"Shaded","section":"Shading Mode"},"sceneLighting":true,"audioPlay":false,"sceneViewState":{"showFog":true,"showMaterialUpdate":true,"showSkybox":true,"showFlares":true,"showImageEffects":true,"showParticleSystems":true},"in2DMode":false,"pivot":{"x":0.7131574153900147,"y":0.5434256792068481,"z":-1.677734375},"rotation":{"x":-0.25273624062538149,"y":0.6445557475090027,"z":-0.23931348323822022,"w":-0.6807419657707214},"size":10.911489486694336,"orthographic":true}